<?xml version="1.0" encoding="UTF-8"?>
<beans xmlns="http://www.springframework.org/schema/beans"
	xmlns:context="http://www.springframework.org/schema/context" 
	xmlns:p="http://www.springframework.org/schema/p"
	xmlns:aop="http://www.springframework.org/schema/aop" 
	xmlns:tx="http://www.springframework.org/schema/tx"
	xmlns:xsi="http://www.w3.org/2001/XMLSchema-instance"
	xsi:schemaLocation="http://www.springframework.org/schema/beans 
	http://www.springframework.org/schema/beans/spring-beans-4.0.xsd
	http://www.springframework.org/schema/context 
	http://www.springframework.org/schema/context/spring-context-4.0.xsd
	http://www.springframework.org/schema/aop 
	http://www.springframework.org/schema/aop/spring-aop-4.0.xsd 
	http://www.springframework.org/schema/tx 
	http://www.springframework.org/schema/tx/spring-tx-4.0.xsd
	http://www.springframework.org/schema/util 
	http://www.springframework.org/schema/util/spring-util-4.0.xsd">

		
        <context:property-placeholder location="classpath:config/db.properties"/>

        <bean id="dataSource" class="com.alibaba.druid.pool.DruidDataSource" destroy-method="close">
        <!-- 配置连接数据库的几个基本信息 -->
        	<property name="url" value="${jdbc_url}" />
			<property name="username" value="${jdbc_username}" />
			<property name="password" value="${jdbc_password}" />
			<property name="driverClassName" value="${jdbc_driver}" />
			<property name="maxActive" value="10" />
			<property name="minIdle" value="5" />
			<property name="maxWait" value="5000"></property>
			
		</bean>

        <bean name="sessionFactory" class="org.mybatis.spring.SqlSessionFactoryBean">
            <property name="dataSource" ref = "dataSource"></property>

            <property name="configLocation" value="classpath:config/mybatis/mybatis-config.xml"></property>
            <!-- 扫描mappers目录以及子目录下的所有xml文件 -->
            <property name="mapperLocations" value="classpath:com/mapper/*.xml" />
        </bean>

        <bean class="org.mybatis.spring.mapper.MapperScannerConfigurer">
            <property name="basePackage" value="com.mapper"></property>
            <property name="sqlSessionFactoryBeanName" value="sessionFactory"></property>
        </bean>
</beans>