{
	"status": 0,
	"msg": "ok",
	"data": [
		{
			"id": 10,
			"name": "通知管理",
			"icon": "",
			"url": "../../admin/notice/list.jsp"
		}, 
		{
			"id": 22,
			"name": "宿舍管理",
			"icon": "",
			"url": "../../admin/class/list.jsp"
		}, {
			"id": 11,
			"name": "学生管理",
			"icon": "",
			"url": "../../admin/usera/list.jsp?utype=20"
		},  {
			"id": 12,
			"name": "宿舍调换审批",
			"icon": "",
			"url": "../../admin/usera/listShenpi.jsp?utype=20"
		},{
			"id": 41,
			"name": "账号管理",
			"icon": "",
			"url": "../../admin/user/list.jsp"
		},{
			"id": 43,
			"name": "修改密码",
			"icon": "",
			"url": "../../admin/user/updateMyPwd.jsp"
		}
	]
}