{
	"status": 0,
	"msg": "ok",
	"data": [
		{
			"id": 10,
			"name": "查看通知列表",
			"icon": "",
			"url": "../../admin/notice/showlist.jsp"
		},
		{
			"id": 17,
			"name": "投诉与建议管理",
			"icon": "",
			"url": "../../admin/wenda/list.jsp"
		}, 
		{
			"id": 30,
			"name": "宿舍财产信息登记",
			"icon": "",
			"url": "../../admin/product/list.jsp"
		}, 
		{
			"id": 32,
			"name": "宿舍访客登记",
			"icon": "",
			"url": "../../admin/visitor/list.jsp"
		}, {
			"id": 31,
			"name": "物品报修列表",
			"icon": "",
			"url": "../../admin/repair/list.jsp"
		},
		{
			"id": 122,
			"name": "请假信息列表",
			"icon": "",
			"url": "../../admin/qingjia/list.jsp"
		},
		 {
			"id": 43,
			"name": "修改密码",
			"icon": "",
			"url": "../../admin/user/updateMyPwd.jsp"
		}
	]
}