{
	"status": 0,
	"msg": "ok",
	"data": [
		{
			"id": 10,
			"name": "查看通知列表",
			"icon": "",
			"url": "../../admin/notice/showlist.jsp"
		}, 
		 {
			"id": 31,
			"name": "我的报修信息",
			"icon": "",
			"url": "../../admin/repair/mylist.jsp"
		},
		{
			"id": 17,
			"name": "我的投诉与建议",
			"icon": "",
			"url": "../../admin/wenda/list.jsp"
		}, 
		{
			"id": 11,
			"name": "宿舍调换申请",
			"icon": "",
			"url": "../../admin/usera/updateClassid.jsp?seltype=gr"
		},
		{
			"id": 12,
			"name": "我的请假信息",
			"icon": "",
			"url": "../../admin/qingjia/mylist.jsp"
		},
		{
			"id": 111,
			"name": "个人信息管理",
			"icon": "",
			"url": "../../admin/usera/update.jsp?seltype=gr"
		}
		, {
			"id": 43,
			"name": "修改密码",
			"icon": "",
			"url": "../../admin/user/updateMyPwd.jsp"
		}
	]
}